CustomerID,Age,Gender,Annual Income (k$),Spending Score (1-100),City,Membership Type,Visit Frequency (per month),Preferred Category
1,56,Male,95,89,Hyderabad,Silver,4,Electronics
2,69,Male,128,50,Bangalore,Regular,15,Groceries
3,46,Male,54,43,Chennai,Gold,4,Electronics
4,32,Female,59,19,Bangalore,Silver,9,Groceries
5,60,Male,76,69,Hyderabad,Gold,7,Cosmetics
6,25,Male,107,51,Delhi,Silver,19,Clothing
7,38,Male,129,11,Hyderabad,Silver,19,Groceries
8,56,Female,81,12,Mumbai,Gold,6,Cosmetics
9,36,Female,70,74,Mumbai,Platinum,6,Clothing
10,40,Male,54,8,Chennai,Silver,15,Groceries
11,28,Male,112,24,Hyderabad,Silver,15,Electronics
12,28,Male,54,92,Chennai,Gold,9,Electronics
13,41,Male,105,41,Chennai,Platinum,4,Electronics
14,53,Female,47,36,Mumbai,Silver,18,Cosmetics
15,57,Female,20,85,Chennai,Silver,18,Electronics
16,41,Female,94,72,Mumbai,Platinum,5,Sports
17,20,Female,106,55,Delhi,Silver,11,Clothing
18,39,Male,111,9,Hyderabad,Platinum,5,Cosmetics
19,19,Male,73,47,Chennai,Platinum,4,Electronics
20,41,Male,73,15,Mumbai,Gold,12,Clothing
21,61,Female,62,48,Bangalore,Regular,2,Groceries
22,47,Male,27,82,Chennai,Platinum,13,Electronics
23,55,Female,121,42,Delhi,Gold,10,Clothing
24,19,Female,59,60,Delhi,Regular,9,Sports
25,38,Male,103,84,Bangalore,Silver,10,Groceries
26,50,Male,114,70,Mumbai,Regular,7,Sports
27,29,Male,21,12,Chennai,Platinum,4,Clothing
28,39,Female,147,2,Mumbai,Platinum,19,Sports
29,61,Male,59,7,Delhi,Platinum,10,Clothing
30,42,Female,72,80,Mumbai,Platinum,3,Clothing
31,66,Male,45,3,Delhi,Platinum,19,Sports
32,44,Female,37,3,Mumbai,Gold,2,Clothing
33,59,Female,121,27,Bangalore,Platinum,10,Electronics
34,45,Male,53,40,Hyderabad,Gold,2,Clothing
35,33,Female,96,33,Bangalore,Silver,2,Cosmetics
36,32,Female,114,92,Bangalore,Platinum,17,Clothing
37,64,Male,16,1,Hyderabad,Platinum,16,Cosmetics
38,68,Female,91,8,Hyderabad,Regular,16,Clothing
39,61,Male,26,32,Chennai,Silver,14,Clothing
40,69,Female,53,48,Chennai,Platinum,7,Sports
41,20,Male,27,4,Bangalore,Platinum,11,Electronics
42,54,Male,60,94,Bangalore,Silver,1,Electronics
43,68,Female,127,70,Delhi,Gold,11,Groceries
44,24,Female,31,19,Delhi,Platinum,4,Sports
45,38,Female,118,32,Chennai,Regular,7,Sports
46,26,Female,112,9,Chennai,Platinum,15,Electronics
47,56,Female,102,12,Delhi,Regular,18,Sports
48,35,Male,123,11,Delhi,Regular,12,Electronics
49,21,Female,84,46,Mumbai,Platinum,17,Sports
50,42,Male,88,16,Mumbai,Platinum,1,Clothing
51,31,Male,77,1,Delhi,Regular,11,Electronics
52,67,Female,74,63,Mumbai,Silver,1,Electronics
53,26,Male,93,21,Hyderabad,Silver,15,Cosmetics
54,43,Male,51,30,Chennai,Platinum,10,Sports
55,19,Male,36,13,Chennai,Gold,7,Sports
56,37,Male,110,34,Delhi,Silver,2,Electronics
57,45,Female,82,4,Bangalore,Platinum,10,Clothing
58,64,Male,31,28,Delhi,Silver,4,Clothing
59,24,Female,26,95,Mumbai,Gold,12,Clothing
60,61,Female,132,59,Bangalore,Platinum,19,Sports
61,25,Male,36,27,Mumbai,Gold,11,Cosmetics
62,64,Female,134,69,Hyderabad,Platinum,8,Electronics
63,52,Female,64,25,Mumbai,Gold,18,Groceries
64,31,Female,28,3,Hyderabad,Silver,11,Cosmetics
65,34,Male,43,97,Hyderabad,Silver,11,Groceries
66,53,Female,139,68,Mumbai,Gold,13,Cosmetics
67,67,Female,21,25,Mumbai,Gold,3,Clothing
68,57,Female,43,20,Hyderabad,Gold,12,Sports
69,21,Male,47,34,Bangalore,Platinum,3,Groceries
70,19,Female,148,26,Hyderabad,Silver,10,Cosmetics
71,23,Male,125,5,Chennai,Platinum,17,Sports
72,59,Male,93,99,Hyderabad,Silver,2,Groceries
73,21,Male,72,61,Bangalore,Regular,17,Electronics
74,46,Male,40,92,Chennai,Platinum,16,Cosmetics
75,35,Male,43,93,Delhi,Silver,2,Electronics
76,43,Male,18,9,Delhi,Silver,6,Clothing
77,61,Female,113,50,Bangalore,Platinum,10,Electronics
78,51,Male,53,6,Hyderabad,Platinum,10,Electronics
79,27,Female,29,83,Mumbai,Silver,8,Cosmetics
80,53,Female,133,60,Bangalore,Platinum,1,Clothing
81,31,Male,43,44,Chennai,Gold,13,Electronics
82,48,Female,89,11,Chennai,Platinum,9,Sports
83,65,Female,130,66,Delhi,Platinum,10,Groceries
84,32,Female,46,47,Chennai,Platinum,15,Electronics
85,25,Female,144,73,Bangalore,Silver,5,Clothing
86,31,Male,98,85,Chennai,Gold,16,Electronics
87,40,Female,36,88,Bangalore,Regular,13,Groceries
88,57,Male,41,98,Mumbai,Regular,18,Clothing
89,38,Female,95,86,Delhi,Gold,11,Cosmetics
90,33,Female,140,3,Chennai,Gold,9,Clothing
91,62,Male,106,76,Bangalore,Gold,16,Cosmetics
92,35,Female,35,92,Hyderabad,Silver,2,Clothing
93,64,Female,61,30,Delhi,Regular,2,Groceries
94,41,Female,115,90,Mumbai,Gold,12,Groceries
95,43,Male,98,21,Bangalore,Silver,8,Clothing
96,42,Female,20,28,Mumbai,Regular,9,Electronics
97,62,Male,145,90,Mumbai,Platinum,12,Groceries
98,58,Female,15,62,Chennai,Silver,9,Cosmetics
99,46,Male,72,33,Chennai,Regular,10,Cosmetics
100,32,Male,138,85,Bangalore,Silver,2,Sports
101,62,Female,29,35,Hyderabad,Regular,16,Cosmetics
102,18,Female,78,52,Bangalore,Regular,7,Sports
103,42,Male,39,34,Hyderabad,Platinum,2,Clothing
104,24,Male,38,41,Mumbai,Silver,1,Clothing
105,26,Female,26,51,Delhi,Gold,19,Clothing
106,41,Male,32,47,Bangalore,Platinum,4,Electronics
107,18,Female,29,82,Bangalore,Platinum,2,Electronics
108,61,Female,41,58,Hyderabad,Regular,14,Sports
109,25,Female,86,75,Mumbai,Gold,2,Cosmetics
110,41,Female,74,57,Mumbai,Silver,15,Cosmetics
111,28,Male,107,23,Hyderabad,Gold,12,Clothing
112,68,Female,67,48,Mumbai,Gold,5,Groceries
113,34,Male,22,22,Chennai,Gold,7,Electronics
114,25,Female,93,17,Delhi,Gold,10,Electronics
115,52,Male,41,69,Bangalore,Gold,14,Clothing
116,52,Female,64,11,Delhi,Regular,14,Electronics
117,50,Male,145,94,Bangalore,Regular,5,Clothing
118,22,Male,107,15,Chennai,Platinum,18,Sports
119,59,Female,38,91,Mumbai,Regular,14,Cosmetics
120,56,Female,74,35,Hyderabad,Platinum,2,Groceries
121,58,Female,136,33,Chennai,Platinum,12,Cosmetics
122,45,Female,145,84,Delhi,Silver,6,Cosmetics
123,24,Male,60,16,Hyderabad,Gold,4,Sports
124,26,Female,29,34,Mumbai,Regular,13,Electronics
125,25,Male,31,66,Chennai,Silver,4,Groceries
126,29,Male,140,99,Hyderabad,Regular,14,Electronics
127,51,Female,98,40,Chennai,Platinum,16,Cosmetics
128,50,Male,23,28,Chennai,Regular,4,Clothing
129,65,Male,77,47,Mumbai,Gold,1,Cosmetics
130,40,Male,131,39,Bangalore,Platinum,13,Electronics
131,41,Male,144,70,Hyderabad,Platinum,4,Cosmetics
132,54,Female,102,73,Mumbai,Silver,18,Clothing
133,52,Female,86,20,Chennai,Gold,6,Sports
134,61,Female,78,1,Mumbai,Platinum,3,Electronics
135,57,Female,86,72,Bangalore,Gold,13,Cosmetics
136,39,Male,35,87,Hyderabad,Regular,16,Electronics
137,44,Male,32,63,Bangalore,Gold,5,Sports
138,52,Female,78,67,Delhi,Platinum,4,Cosmetics
139,18,Female,96,4,Hyderabad,Silver,8,Cosmetics
140,52,Female,124,58,Bangalore,Platinum,19,Electronics
141,54,Male,109,25,Chennai,Gold,14,Electronics
142,64,Female,46,47,Hyderabad,Gold,7,Clothing
143,31,Female,25,38,Hyderabad,Platinum,14,Sports
144,20,Female,59,15,Mumbai,Gold,6,Clothing
145,18,Male,47,63,Chennai,Regular,12,Cosmetics
146,22,Male,116,21,Delhi,Platinum,16,Electronics
147,43,Male,25,99,Bangalore,Silver,17,Cosmetics
148,31,Male,102,57,Mumbai,Platinum,13,Cosmetics
149,56,Male,55,53,Bangalore,Regular,14,Groceries
150,44,Male,90,46,Delhi,Regular,7,Groceries
151,26,Male,135,14,Delhi,Regular,14,Cosmetics
152,32,Male,60,100,Hyderabad,Regular,15,Electronics
153,32,Female,94,76,Delhi,Regular,12,Cosmetics
154,43,Female,68,17,Bangalore,Silver,17,Groceries
155,59,Male,100,39,Chennai,Gold,9,Electronics
156,30,Male,106,9,Chennai,Regular,15,Cosmetics
157,68,Female,111,99,Hyderabad,Regular,12,Sports
158,49,Male,16,77,Bangalore,Platinum,2,Sports
159,56,Male,47,79,Bangalore,Silver,5,Cosmetics
160,66,Male,91,82,Delhi,Silver,13,Electronics
161,69,Female,130,97,Bangalore,Gold,8,Cosmetics
162,49,Female,117,6,Mumbai,Silver,14,Cosmetics
163,21,Female,117,91,Delhi,Platinum,15,Groceries
164,47,Female,104,23,Mumbai,Platinum,11,Sports
165,54,Female,136,59,Hyderabad,Gold,1,Groceries
166,40,Male,120,91,Chennai,Platinum,3,Groceries
167,56,Female,133,98,Hyderabad,Regular,17,Cosmetics
168,62,Male,63,46,Chennai,Regular,19,Groceries
169,32,Male,118,38,Hyderabad,Platinum,14,Sports
170,60,Female,75,14,Bangalore,Gold,8,Groceries
171,46,Female,137,100,Mumbai,Silver,13,Sports
172,53,Male,148,72,Chennai,Gold,3,Groceries
173,30,Male,23,62,Delhi,Silver,5,Sports
174,49,Male,20,35,Mumbai,Platinum,9,Groceries
175,24,Female,87,19,Delhi,Platinum,6,Groceries
176,68,Female,117,30,Mumbai,Regular,2,Electronics
177,39,Female,55,78,Mumbai,Silver,13,Sports
178,45,Female,128,84,Hyderabad,Gold,5,Sports
179,19,Female,22,25,Chennai,Platinum,8,Sports
180,59,Male,86,40,Chennai,Gold,1,Clothing
181,62,Female,106,88,Mumbai,Regular,12,Groceries
182,23,Male,76,14,Bangalore,Silver,11,Sports
183,45,Male,98,26,Bangalore,Silver,7,Clothing
184,45,Male,76,87,Delhi,Platinum,15,Electronics
185,61,Female,125,22,Delhi,Silver,11,Sports
186,61,Female,141,48,Hyderabad,Platinum,16,Sports
187,37,Female,21,83,Mumbai,Regular,3,Clothing
188,47,Male,98,51,Delhi,Silver,14,Groceries
189,28,Male,146,3,Delhi,Platinum,3,Electronics
190,45,Male,148,42,Mumbai,Gold,1,Sports
191,42,Male,72,19,Hyderabad,Platinum,15,Groceries
192,56,Male,36,73,Delhi,Silver,1,Electronics
193,50,Male,141,28,Hyderabad,Regular,17,Cosmetics
194,18,Female,17,84,Chennai,Silver,2,Cosmetics
195,44,Female,141,45,Hyderabad,Silver,6,Electronics
196,69,Female,55,71,Bangalore,Platinum,8,Clothing
197,30,Female,120,78,Bangalore,Gold,16,Electronics
198,58,Male,28,63,Hyderabad,Silver,19,Electronics
199,20,Male,26,73,Bangalore,Gold,1,Clothing
200,56,Female,101,19,Chennai,Platinum,3,Clothing
201,23,Male,26,47,Mumbai,Gold,3,Groceries
202,25,Female,39,14,Bangalore,Platinum,5,Groceries
203,44,Female,59,38,Bangalore,Regular,12,Clothing
204,26,Female,136,53,Hyderabad,Gold,12,Cosmetics
205,54,Male,69,61,Chennai,Gold,13,Cosmetics
206,50,Female,114,36,Mumbai,Regular,9,Electronics
207,68,Female,133,40,Hyderabad,Gold,7,Sports
208,59,Female,67,81,Hyderabad,Regular,4,Electronics
209,61,Male,46,30,Chennai,Silver,19,Electronics
210,41,Male,65,9,Mumbai,Platinum,19,Sports
211,32,Female,58,64,Chennai,Regular,6,Clothing
212,49,Male,96,33,Mumbai,Gold,13,Cosmetics
213,49,Male,51,52,Chennai,Regular,11,Electronics
214,41,Male,110,89,Hyderabad,Gold,13,Sports
215,58,Male,70,14,Hyderabad,Silver,13,Groceries
216,69,Male,119,75,Delhi,Regular,15,Electronics
217,66,Male,73,53,Bangalore,Silver,13,Cosmetics
218,66,Male,145,99,Chennai,Platinum,11,Clothing
219,69,Male,49,59,Delhi,Gold,19,Electronics
220,29,Male,107,78,Bangalore,Gold,8,Electronics
221,56,Male,111,94,Chennai,Silver,8,Sports
222,19,Female,149,41,Mumbai,Platinum,10,Groceries
223,20,Female,90,68,Bangalore,Regular,16,Groceries
224,66,Male,63,68,Hyderabad,Regular,19,Clothing
225,54,Female,108,92,Delhi,Gold,11,Cosmetics
226,66,Female,38,8,Bangalore,Silver,13,Clothing
227,34,Male,51,2,Bangalore,Silver,9,Electronics
228,66,Male,18,86,Hyderabad,Regular,19,Electronics
229,19,Male,122,41,Chennai,Platinum,16,Groceries
230,19,Female,140,55,Mumbai,Platinum,7,Cosmetics
231,45,Female,34,16,Hyderabad,Regular,19,Sports
232,40,Male,64,93,Mumbai,Regular,12,Cosmetics
233,54,Male,110,62,Chennai,Silver,15,Electronics
234,49,Male,119,48,Bangalore,Platinum,14,Sports
235,50,Female,131,30,Mumbai,Regular,11,Cosmetics
236,18,Female,112,12,Delhi,Regular,10,Cosmetics
237,36,Female,80,35,Delhi,Gold,11,Sports
238,19,Female,93,11,Hyderabad,Regular,6,Electronics
239,61,Male,20,64,Chennai,Regular,2,Cosmetics
240,43,Male,53,50,Hyderabad,Platinum,11,Sports
241,49,Male,129,85,Hyderabad,Silver,19,Electronics
242,23,Male,139,21,Hyderabad,Platinum,6,Sports
243,49,Female,26,69,Delhi,Silver,14,Sports
244,21,Female,145,48,Delhi,Gold,6,Cosmetics
245,28,Male,32,20,Hyderabad,Regular,17,Electronics
246,34,Male,54,67,Delhi,Gold,10,Cosmetics
247,55,Female,35,44,Chennai,Silver,1,Clothing
248,41,Male,113,33,Hyderabad,Platinum,3,Clothing
249,22,Female,40,73,Delhi,Platinum,8,Electronics
250,69,Male,22,61,Mumbai,Gold,8,Sports
251,51,Male,114,9,Hyderabad,Silver,15,Cosmetics
252,23,Male,101,68,Hyderabad,Gold,7,Cosmetics
253,39,Male,56,35,Chennai,Gold,11,Electronics
254,28,Male,28,81,Bangalore,Regular,7,Electronics
255,65,Male,92,98,Bangalore,Gold,4,Clothing
256,33,Male,16,88,Chennai,Regular,12,Groceries
257,50,Female,133,96,Chennai,Regular,6,Electronics
258,26,Female,51,65,Chennai,Platinum,14,Groceries
259,23,Female,83,8,Bangalore,Regular,12,Electronics
260,33,Female,55,45,Chennai,Regular,11,Sports
261,46,Female,76,87,Delhi,Platinum,19,Sports
262,20,Male,74,47,Hyderabad,Gold,5,Clothing
263,37,Male,139,40,Hyderabad,Silver,14,Clothing
264,53,Female,125,76,Mumbai,Silver,16,Groceries
265,36,Male,28,54,Mumbai,Silver,13,Electronics
266,43,Female,98,76,Hyderabad,Gold,4,Cosmetics
267,20,Female,144,46,Delhi,Regular,11,Clothing
268,36,Male,84,47,Bangalore,Silver,17,Cosmetics
269,37,Male,137,15,Bangalore,Gold,7,Cosmetics
270,49,Male,103,19,Delhi,Regular,14,Electronics
271,24,Female,42,26,Bangalore,Platinum,11,Groceries
272,69,Male,80,52,Chennai,Silver,9,Electronics
273,58,Female,19,93,Hyderabad,Regular,13,Clothing
274,50,Female,59,22,Hyderabad,Silver,18,Cosmetics
275,57,Female,61,21,Delhi,Silver,11,Electronics
276,56,Male,45,51,Bangalore,Silver,15,Electronics
277,35,Male,24,38,Mumbai,Regular,19,Electronics
278,57,Female,132,20,Mumbai,Gold,1,Clothing
279,18,Male,28,29,Bangalore,Regular,4,Groceries
280,28,Male,94,51,Mumbai,Silver,14,Electronics
281,45,Male,107,4,Delhi,Regular,14,Clothing
282,42,Female,24,55,Delhi,Platinum,3,Cosmetics
283,67,Female,90,71,Bangalore,Gold,17,Sports
284,40,Male,108,92,Mumbai,Regular,3,Clothing
285,48,Female,119,28,Delhi,Platinum,16,Sports
286,47,Male,15,4,Delhi,Gold,14,Electronics
287,59,Male,147,22,Chennai,Platinum,13,Electronics
288,52,Male,34,76,Chennai,Gold,15,Clothing
289,24,Male,22,45,Delhi,Regular,14,Sports
290,33,Female,15,67,Bangalore,Platinum,19,Electronics
291,43,Female,71,86,Hyderabad,Silver,6,Cosmetics
292,65,Female,78,66,Hyderabad,Platinum,10,Groceries
293,69,Male,132,88,Delhi,Gold,15,Groceries
294,66,Male,42,34,Delhi,Regular,6,Electronics
295,19,Male,135,91,Delhi,Gold,10,Sports
296,18,Female,121,55,Bangalore,Platinum,7,Electronics
297,65,Male,63,1,Chennai,Platinum,17,Sports
298,29,Female,134,72,Delhi,Silver,18,Cosmetics
299,22,Female,58,87,Delhi,Regular,17,Sports
300,54,Female,70,38,Mumbai,Regular,9,Electronics
301,49,Female,125,6,Bangalore,Platinum,10,Cosmetics
302,26,Female,148,86,Delhi,Regular,10,Clothing
303,58,Female,122,25,Mumbai,Silver,7,Groceries
304,52,Male,128,82,Hyderabad,Gold,16,Electronics
305,36,Male,92,17,Delhi,Regular,18,Electronics
306,65,Female,144,61,Delhi,Platinum,6,Electronics
307,33,Female,51,12,Mumbai,Gold,1,Cosmetics
308,20,Male,34,6,Bangalore,Gold,1,Clothing
309,37,Female,40,90,Delhi,Silver,12,Sports
310,41,Female,43,27,Hyderabad,Platinum,2,Clothing
311,50,Male,15,8,Delhi,Regular,4,Cosmetics
312,41,Female,133,83,Hyderabad,Platinum,17,Electronics
313,69,Female,49,65,Chennai,Gold,4,Groceries
314,28,Female,73,57,Chennai,Platinum,11,Electronics
315,66,Male,83,93,Hyderabad,Regular,4,Sports
316,25,Male,26,99,Bangalore,Regular,1,Groceries
317,53,Male,34,40,Delhi,Silver,7,Electronics
318,55,Female,57,14,Delhi,Regular,18,Groceries
319,57,Female,140,35,Chennai,Regular,9,Clothing
320,37,Male,64,48,Hyderabad,Platinum,3,Cosmetics
321,52,Female,43,84,Delhi,Platinum,8,Electronics
322,65,Female,53,56,Delhi,Gold,19,Sports
323,42,Female,52,49,Bangalore,Silver,4,Clothing
324,52,Female,98,13,Mumbai,Platinum,18,Electronics
325,42,Female,142,61,Chennai,Regular,11,Clothing
326,46,Male,140,49,Chennai,Gold,14,Sports
327,35,Female,59,46,Mumbai,Platinum,18,Electronics
328,63,Male,66,62,Delhi,Silver,16,Sports
329,35,Female,94,8,Bangalore,Silver,3,Groceries
330,19,Male,138,43,Bangalore,Gold,15,Sports
331,52,Female,133,20,Chennai,Gold,4,Groceries
332,33,Male,22,97,Bangalore,Gold,5,Electronics
333,58,Female,99,90,Mumbai,Gold,17,Groceries
334,53,Male,143,39,Delhi,Gold,7,Electronics
335,50,Female,22,85,Mumbai,Regular,16,Electronics
336,21,Male,110,49,Hyderabad,Regular,14,Cosmetics
337,50,Female,116,64,Chennai,Platinum,16,Electronics
338,31,Male,19,62,Bangalore,Silver,7,Groceries
339,38,Male,100,54,Hyderabad,Regular,9,Cosmetics
340,65,Female,48,9,Bangalore,Regular,4,Cosmetics
341,37,Female,69,88,Delhi,Regular,11,Electronics
342,25,Male,133,37,Delhi,Platinum,2,Sports
343,24,Female,128,49,Delhi,Gold,12,Sports
344,20,Male,40,41,Bangalore,Platinum,12,Cosmetics
345,34,Male,61,17,Hyderabad,Silver,4,Electronics
346,50,Male,127,88,Delhi,Silver,18,Sports
347,65,Female,90,21,Hyderabad,Silver,7,Electronics
348,29,Male,86,51,Bangalore,Silver,1,Electronics
349,68,Male,103,59,Hyderabad,Regular,13,Cosmetics
350,39,Female,60,39,Bangalore,Regular,6,Cosmetics
351,39,Female,47,55,Bangalore,Platinum,6,Clothing
352,63,Female,15,41,Chennai,Gold,12,Sports
353,47,Female,45,39,Bangalore,Silver,8,Sports
354,55,Male,67,13,Bangalore,Platinum,19,Sports
355,55,Male,62,64,Mumbai,Regular,5,Groceries
356,62,Male,83,11,Delhi,Regular,18,Electronics
357,68,Male,119,19,Chennai,Gold,5,Cosmetics
358,25,Female,104,11,Chennai,Gold,10,Sports
359,44,Male,77,77,Chennai,Gold,1,Clothing
360,44,Male,87,46,Mumbai,Platinum,10,Sports
361,51,Female,103,45,Bangalore,Regular,5,Electronics
362,38,Male,27,1,Delhi,Regular,12,Electronics
363,47,Male,87,40,Hyderabad,Gold,7,Cosmetics
364,50,Male,91,19,Bangalore,Silver,9,Groceries
365,45,Male,82,76,Mumbai,Gold,12,Cosmetics
366,64,Male,112,72,Bangalore,Platinum,1,Sports
367,50,Male,139,72,Bangalore,Gold,11,Clothing
368,22,Female,116,61,Mumbai,Gold,15,Cosmetics
369,65,Female,146,12,Chennai,Platinum,2,Groceries
370,36,Male,116,61,Chennai,Gold,7,Cosmetics
371,21,Male,33,33,Delhi,Regular,12,Electronics
372,52,Female,96,45,Delhi,Silver,18,Sports
373,66,Male,37,90,Chennai,Gold,3,Sports
374,34,Male,97,92,Hyderabad,Platinum,7,Sports
375,61,Male,123,69,Bangalore,Silver,11,Sports
376,45,Female,89,8,Hyderabad,Platinum,18,Sports
377,47,Male,143,25,Bangalore,Silver,12,Sports
378,46,Female,102,91,Chennai,Silver,6,Clothing
379,63,Male,68,46,Delhi,Gold,5,Groceries
380,23,Female,103,87,Delhi,Regular,1,Sports
381,52,Female,79,30,Hyderabad,Gold,12,Groceries
382,58,Male,90,47,Delhi,Platinum,11,Sports
383,54,Female,74,87,Chennai,Platinum,4,Cosmetics
384,41,Male,107,49,Hyderabad,Silver,18,Sports
385,46,Female,63,47,Bangalore,Silver,4,Electronics
386,66,Male,49,84,Delhi,Regular,17,Clothing
387,63,Male,116,82,Mumbai,Gold,2,Cosmetics
388,48,Female,25,18,Delhi,Platinum,2,Cosmetics
389,52,Male,113,66,Bangalore,Silver,12,Electronics
390,50,Male,124,68,Hyderabad,Regular,6,Sports
391,69,Female,88,94,Bangalore,Platinum,10,Clothing
392,38,Male,23,33,Mumbai,Silver,16,Cosmetics
393,49,Male,17,36,Chennai,Platinum,14,Clothing
394,40,Female,99,82,Delhi,Regular,7,Cosmetics
395,50,Female,40,19,Hyderabad,Regular,19,Sports
396,20,Male,86,28,Chennai,Platinum,17,Cosmetics
397,35,Male,62,40,Bangalore,Gold,9,Cosmetics
398,42,Female,131,84,Hyderabad,Platinum,13,Groceries
399,59,Female,26,97,Chennai,Silver,5,Sports
400,48,Male,147,76,Hyderabad,Gold,5,Electronics
401,20,Female,62,15,Mumbai,Silver,10,Electronics
402,57,Male,51,41,Mumbai,Platinum,10,Sports
403,63,Male,58,39,Delhi,Gold,7,Electronics
404,41,Male,29,2,Delhi,Silver,15,Sports
405,67,Male,57,63,Mumbai,Platinum,7,Electronics
406,49,Male,101,29,Hyderabad,Platinum,15,Groceries
407,64,Female,84,74,Mumbai,Gold,3,Electronics
408,39,Female,60,66,Delhi,Platinum,19,Cosmetics
409,40,Female,122,51,Mumbai,Regular,10,Sports
410,19,Female,137,75,Mumbai,Silver,15,Clothing
411,44,Male,35,77,Hyderabad,Silver,3,Clothing
412,59,Male,121,10,Chennai,Platinum,6,Sports
413,19,Male,94,14,Delhi,Platinum,12,Groceries
414,43,Male,61,82,Hyderabad,Regular,15,Electronics
415,34,Female,131,51,Mumbai,Gold,6,Groceries
416,57,Male,138,73,Mumbai,Platinum,13,Clothing
417,50,Male,39,39,Chennai,Platinum,19,Sports
418,26,Female,50,28,Delhi,Platinum,3,Sports
419,60,Female,65,3,Delhi,Platinum,8,Groceries
420,65,Female,29,84,Bangalore,Silver,8,Groceries
421,56,Female,82,70,Delhi,Platinum,15,Electronics
422,46,Male,35,27,Chennai,Silver,4,Cosmetics
423,59,Male,33,2,Bangalore,Platinum,19,Cosmetics
424,43,Female,48,93,Bangalore,Gold,3,Electronics
425,52,Male,92,38,Mumbai,Regular,13,Cosmetics
426,67,Male,139,3,Mumbai,Gold,8,Clothing
427,42,Male,131,16,Delhi,Platinum,16,Cosmetics
428,41,Female,66,94,Bangalore,Platinum,13,Electronics
429,30,Male,41,40,Mumbai,Platinum,3,Cosmetics
430,24,Female,49,2,Chennai,Gold,16,Sports
431,53,Male,120,81,Mumbai,Platinum,9,Groceries
432,62,Male,16,41,Mumbai,Gold,14,Clothing
433,37,Male,91,12,Bangalore,Silver,13,Sports
434,18,Female,146,35,Bangalore,Regular,7,Sports
435,25,Male,104,65,Hyderabad,Regular,15,Electronics
436,63,Female,103,55,Chennai,Gold,7,Groceries
437,33,Female,108,45,Bangalore,Silver,6,Groceries
438,31,Female,21,79,Delhi,Gold,2,Clothing
439,29,Male,109,90,Chennai,Silver,9,Electronics
440,68,Male,122,85,Chennai,Platinum,17,Clothing
441,40,Male,88,62,Bangalore,Silver,5,Cosmetics
442,32,Male,53,49,Chennai,Silver,12,Sports
443,45,Female,85,95,Bangalore,Silver,1,Clothing
444,51,Female,70,25,Mumbai,Regular,10,Sports
445,19,Female,56,23,Hyderabad,Silver,11,Electronics
446,49,Male,50,24,Mumbai,Platinum,16,Cosmetics
447,40,Female,98,38,Bangalore,Platinum,14,Electronics
448,39,Male,132,28,Bangalore,Platinum,8,Cosmetics
449,68,Female,21,21,Mumbai,Silver,17,Cosmetics
450,42,Male,68,54,Delhi,Gold,18,Sports
451,39,Male,143,18,Delhi,Gold,12,Electronics
452,39,Female,134,36,Delhi,Platinum,17,Electronics
453,66,Female,120,99,Bangalore,Regular,14,Clothing
454,69,Female,61,45,Chennai,Gold,16,Electronics
455,59,Female,137,73,Bangalore,Silver,14,Clothing
456,23,Male,133,53,Chennai,Gold,9,Groceries
457,32,Female,132,30,Mumbai,Platinum,4,Groceries
458,60,Female,35,60,Hyderabad,Regular,11,Groceries
459,54,Female,40,98,Chennai,Gold,6,Electronics
460,50,Male,23,32,Delhi,Gold,15,Electronics
461,25,Male,29,67,Bangalore,Platinum,5,Clothing
462,61,Female,24,67,Mumbai,Regular,11,Cosmetics
463,61,Male,136,28,Delhi,Regular,18,Clothing
464,22,Female,135,44,Mumbai,Platinum,13,Groceries
465,56,Male,139,79,Hyderabad,Silver,11,Clothing
466,21,Male,86,41,Bangalore,Gold,14,Cosmetics
467,23,Male,63,63,Bangalore,Silver,18,Electronics
468,62,Male,105,23,Hyderabad,Gold,19,Clothing
469,49,Female,51,75,Bangalore,Gold,15,Groceries
470,69,Female,82,48,Chennai,Silver,9,Groceries
471,47,Female,64,32,Mumbai,Platinum,8,Electronics
472,64,Male,33,57,Delhi,Platinum,1,Clothing
473,52,Female,114,100,Hyderabad,Gold,4,Cosmetics
474,57,Female,74,33,Chennai,Platinum,14,Electronics
475,69,Female,103,24,Delhi,Gold,2,Clothing
476,33,Male,83,39,Delhi,Platinum,16,Sports
477,30,Male,63,34,Hyderabad,Gold,3,Groceries
478,67,Male,122,56,Chennai,Platinum,8,Cosmetics
479,59,Female,133,28,Delhi,Regular,6,Cosmetics
480,47,Female,51,37,Delhi,Silver,16,Cosmetics
481,36,Female,25,7,Chennai,Regular,16,Groceries
482,34,Male,92,68,Bangalore,Silver,7,Clothing
483,36,Male,91,37,Delhi,Silver,13,Electronics
484,45,Female,16,56,Mumbai,Gold,13,Clothing
485,43,Male,78,65,Chennai,Silver,5,Electronics
486,54,Male,49,65,Delhi,Regular,18,Cosmetics
487,43,Male,21,47,Hyderabad,Regular,15,Clothing
488,40,Male,99,20,Mumbai,Platinum,18,Cosmetics
489,26,Female,81,19,Delhi,Regular,2,Sports
490,29,Male,56,29,Mumbai,Platinum,10,Cosmetics
491,18,Male,132,74,Mumbai,Silver,13,Cosmetics
492,18,Male,139,60,Bangalore,Regular,18,Electronics
493,64,Male,38,18,Mumbai,Silver,15,Sports
494,51,Female,60,92,Bangalore,Regular,12,Cosmetics
495,49,Female,33,35,Chennai,Regular,15,Cosmetics
496,65,Male,82,43,Bangalore,Platinum,13,Sports
497,42,Male,116,95,Hyderabad,Silver,18,Sports
498,57,Male,56,91,Delhi,Regular,15,Clothing
499,62,Male,46,11,Chennai,Gold,11,Electronics
500,18,Male,123,49,Chennai,Silver,19,Sports
501,33,Male,50,38,Hyderabad,Silver,3,Sports
502,56,Female,111,64,Bangalore,Silver,7,Groceries
503,22,Male,145,69,Delhi,Platinum,14,Sports
504,39,Female,87,8,Bangalore,Gold,14,Electronics
505,46,Female,111,34,Mumbai,Silver,13,Cosmetics
506,20,Male,137,48,Bangalore,Regular,12,Cosmetics
507,29,Female,84,56,Chennai,Regular,9,Cosmetics
508,43,Female,27,76,Delhi,Platinum,1,Cosmetics
509,33,Female,63,65,Bangalore,Regular,19,Groceries
510,68,Female,74,31,Delhi,Silver,11,Sports
511,54,Female,144,4,Delhi,Regular,19,Cosmetics
512,39,Female,19,50,Mumbai,Silver,18,Clothing
513,46,Male,41,69,Mumbai,Regular,12,Cosmetics
514,31,Female,22,30,Chennai,Gold,1,Sports
515,45,Female,64,88,Hyderabad,Platinum,19,Cosmetics
516,22,Female,81,59,Delhi,Platinum,17,Groceries
517,64,Male,58,67,Hyderabad,Gold,5,Electronics
518,66,Female,139,75,Chennai,Gold,3,Electronics
519,47,Male,72,45,Delhi,Platinum,2,Sports
520,63,Female,17,4,Delhi,Gold,3,Electronics
521,69,Male,100,26,Hyderabad,Silver,8,Electronics
522,22,Male,84,27,Bangalore,Regular,16,Clothing
523,29,Female,144,46,Mumbai,Platinum,6,Sports
524,33,Female,16,64,Bangalore,Gold,13,Sports
525,43,Male,116,91,Hyderabad,Silver,16,Electronics
526,43,Female,49,51,Mumbai,Platinum,16,Electronics
527,65,Male,112,50,Bangalore,Gold,3,Electronics
528,38,Male,44,6,Mumbai,Platinum,13,Groceries
529,56,Male,130,59,Delhi,Gold,14,Cosmetics
530,53,Male,22,15,Bangalore,Platinum,8,Groceries
531,50,Male,58,30,Mumbai,Silver,12,Sports
532,47,Female,50,42,Mumbai,Silver,8,Clothing
533,54,Male,91,37,Mumbai,Regular,9,Cosmetics
534,40,Male,45,42,Bangalore,Platinum,1,Clothing
535,27,Female,61,35,Chennai,Regular,6,Sports
536,22,Male,69,87,Bangalore,Platinum,19,Sports
537,53,Female,120,6,Hyderabad,Gold,11,Clothing
538,51,Female,135,68,Bangalore,Gold,11,Clothing
539,69,Female,69,18,Mumbai,Regular,13,Clothing
540,48,Male,26,73,Delhi,Platinum,11,Sports
541,27,Male,17,29,Bangalore,Regular,18,Electronics
542,36,Male,44,77,Bangalore,Silver,15,Clothing
543,49,Female,37,59,Mumbai,Regular,1,Cosmetics
544,18,Male,106,47,Delhi,Regular,7,Sports
545,22,Female,129,17,Delhi,Gold,13,Groceries
546,62,Male,118,96,Hyderabad,Regular,12,Groceries
547,21,Female,132,22,Bangalore,Platinum,18,Cosmetics
548,33,Male,19,68,Delhi,Gold,19,Electronics
549,41,Male,118,69,Delhi,Regular,15,Clothing
550,33,Male,122,37,Chennai,Silver,8,Sports
551,19,Female,79,49,Chennai,Regular,19,Clothing
552,66,Female,135,13,Delhi,Regular,10,Sports
553,45,Male,44,34,Hyderabad,Regular,7,Groceries
554,49,Male,98,86,Delhi,Gold,18,Clothing
555,44,Female,46,53,Mumbai,Platinum,16,Cosmetics
556,37,Female,30,87,Bangalore,Silver,6,Electronics
557,41,Female,52,51,Hyderabad,Regular,9,Cosmetics
558,29,Male,50,3,Mumbai,Platinum,13,Electronics
559,67,Female,128,42,Hyderabad,Platinum,8,Clothing
560,52,Male,80,98,Mumbai,Gold,16,Clothing
561,50,Female,119,32,Bangalore,Silver,13,Electronics
562,50,Male,99,51,Bangalore,Gold,13,Groceries
563,68,Female,16,85,Chennai,Platinum,17,Sports
564,60,Female,89,46,Mumbai,Platinum,5,Cosmetics
565,54,Female,81,21,Chennai,Platinum,17,Cosmetics
566,29,Female,69,44,Mumbai,Gold,9,Cosmetics
567,20,Female,20,11,Chennai,Silver,2,Clothing
568,18,Male,100,68,Bangalore,Regular,18,Cosmetics
569,50,Female,74,1,Hyderabad,Gold,9,Sports
570,57,Female,115,92,Chennai,Platinum,6,Sports
571,27,Female,26,63,Mumbai,Gold,11,Electronics
572,60,Male,63,24,Mumbai,Platinum,6,Clothing
573,61,Female,56,99,Bangalore,Regular,6,Sports
574,46,Male,96,13,Mumbai,Regular,13,Groceries
575,30,Female,49,98,Delhi,Silver,11,Clothing
576,29,Female,148,11,Hyderabad,Platinum,14,Clothing
577,48,Male,81,100,Chennai,Silver,2,Sports
578,63,Female,94,51,Hyderabad,Silver,8,Groceries
579,19,Male,21,17,Bangalore,Regular,3,Electronics
580,68,Male,28,99,Chennai,Gold,3,Sports
581,67,Female,87,82,Chennai,Gold,1,Groceries
582,52,Male,80,86,Delhi,Silver,19,Clothing
583,40,Female,105,24,Bangalore,Regular,18,Groceries
584,34,Female,144,19,Mumbai,Platinum,17,Clothing
585,43,Male,34,37,Delhi,Gold,13,Sports
586,25,Male,24,85,Delhi,Silver,3,Sports
587,46,Male,39,8,Hyderabad,Gold,1,Cosmetics
588,43,Male,39,28,Hyderabad,Gold,4,Cosmetics
589,27,Female,68,5,Hyderabad,Platinum,13,Cosmetics
590,43,Female,47,17,Delhi,Regular,17,Sports
591,51,Male,109,36,Mumbai,Platinum,11,Electronics
592,68,Female,28,19,Chennai,Regular,2,Sports
593,58,Female,79,64,Hyderabad,Gold,16,Groceries
594,24,Female,124,91,Mumbai,Silver,2,Sports
595,21,Female,94,98,Bangalore,Platinum,19,Sports
596,67,Male,68,11,Hyderabad,Regular,19,Clothing
597,62,Male,139,54,Chennai,Gold,16,Clothing
598,28,Female,145,45,Bangalore,Regular,19,Clothing
599,46,Male,148,47,Bangalore,Regular,9,Sports
600,53,Male,39,12,Chennai,Regular,1,Electronics
601,42,Male,131,21,Hyderabad,Gold,10,Groceries
602,38,Female,39,11,Delhi,Silver,19,Groceries
603,53,Female,93,92,Chennai,Silver,1,Electronics
604,27,Female,82,5,Chennai,Silver,2,Electronics
605,54,Male,26,81,Chennai,Regular,16,Groceries
606,26,Female,46,56,Bangalore,Gold,12,Cosmetics
607,41,Female,142,20,Mumbai,Regular,8,Clothing
608,52,Male,110,41,Delhi,Silver,18,Clothing
609,66,Female,106,46,Hyderabad,Silver,2,Groceries
610,52,Female,45,12,Hyderabad,Gold,13,Electronics
611,65,Male,92,70,Mumbai,Regular,6,Cosmetics
612,53,Male,34,17,Chennai,Platinum,6,Groceries
613,35,Male,74,19,Delhi,Platinum,9,Clothing
614,66,Female,148,26,Hyderabad,Silver,16,Sports
615,56,Female,107,48,Hyderabad,Gold,11,Electronics
616,49,Female,57,52,Chennai,Regular,7,Sports
617,41,Male,144,96,Mumbai,Regular,10,Groceries
618,40,Male,74,70,Delhi,Silver,10,Clothing
619,49,Female,45,55,Mumbai,Silver,18,Cosmetics
620,54,Female,19,100,Mumbai,Regular,9,Sports
621,29,Male,24,75,Delhi,Regular,15,Cosmetics
622,66,Male,103,33,Delhi,Silver,4,Clothing
623,30,Male,144,62,Hyderabad,Regular,8,Sports
624,40,Male,140,88,Hyderabad,Platinum,9,Cosmetics
625,42,Female,25,23,Delhi,Silver,13,Cosmetics
626,52,Male,70,15,Bangalore,Regular,9,Sports
627,58,Female,97,27,Hyderabad,Silver,4,Clothing
628,47,Female,113,75,Bangalore,Gold,17,Cosmetics
629,34,Female,87,64,Delhi,Silver,16,Groceries
630,66,Male,129,81,Hyderabad,Silver,15,Sports
631,37,Male,21,51,Mumbai,Gold,3,Electronics
632,65,Male,94,53,Delhi,Platinum,5,Electronics
633,42,Male,111,78,Chennai,Regular,5,Clothing
634,39,Female,18,91,Bangalore,Gold,15,Groceries
635,30,Male,18,82,Delhi,Silver,18,Cosmetics
636,36,Male,117,92,Delhi,Regular,15,Electronics
637,66,Female,54,51,Hyderabad,Gold,2,Clothing
638,53,Male,31,47,Hyderabad,Regular,13,Groceries
639,29,Female,115,4,Hyderabad,Regular,4,Groceries
640,58,Female,117,7,Chennai,Gold,10,Clothing
641,36,Female,138,35,Hyderabad,Regular,13,Clothing
642,29,Female,66,48,Delhi,Platinum,10,Cosmetics
643,26,Female,66,73,Hyderabad,Gold,9,Clothing
644,24,Female,138,72,Mumbai,Platinum,8,Cosmetics
645,45,Female,77,45,Hyderabad,Silver,3,Cosmetics
646,31,Female,130,81,Chennai,Regular,16,Sports
647,48,Male,76,81,Mumbai,Silver,14,Groceries
648,69,Male,21,97,Delhi,Silver,9,Groceries
649,36,Male,106,96,Delhi,Regular,11,Groceries
650,64,Male,28,72,Bangalore,Gold,3,Sports
651,33,Female,100,19,Mumbai,Regular,5,Cosmetics
652,22,Male,147,63,Bangalore,Silver,10,Cosmetics
653,52,Female,144,38,Mumbai,Silver,13,Clothing
654,29,Male,76,67,Mumbai,Gold,4,Sports
655,42,Male,93,59,Chennai,Regular,13,Clothing
656,69,Male,72,69,Bangalore,Silver,12,Sports
657,38,Female,134,13,Chennai,Platinum,5,Clothing
658,53,Male,147,47,Mumbai,Silver,10,Electronics
659,40,Female,79,61,Delhi,Silver,9,Groceries
660,33,Female,27,31,Mumbai,Gold,7,Groceries
661,56,Male,96,80,Chennai,Platinum,2,Cosmetics
662,62,Male,66,96,Bangalore,Silver,7,Electronics
663,59,Male,131,22,Bangalore,Silver,8,Groceries
664,56,Female,40,93,Chennai,Platinum,7,Cosmetics
665,31,Male,48,86,Bangalore,Regular,14,Electronics
666,48,Female,66,43,Hyderabad,Regular,19,Groceries
667,22,Female,126,67,Delhi,Silver,5,Clothing
668,52,Male,96,54,Delhi,Silver,18,Sports
669,40,Male,56,10,Delhi,Regular,12,Electronics
670,46,Female,35,42,Bangalore,Gold,17,Cosmetics
671,60,Female,56,64,Bangalore,Platinum,13,Electronics
672,28,Female,127,21,Mumbai,Platinum,2,Cosmetics
673,35,Male,119,80,Mumbai,Gold,13,Electronics
674,64,Female,31,76,Delhi,Gold,7,Cosmetics
675,29,Male,134,66,Hyderabad,Gold,10,Groceries
676,26,Female,143,41,Mumbai,Gold,6,Clothing
677,27,Female,144,24,Mumbai,Gold,3,Groceries
678,61,Male,74,35,Bangalore,Gold,3,Clothing
679,34,Female,62,56,Hyderabad,Platinum,18,Groceries
680,55,Male,43,30,Delhi,Gold,11,Groceries
681,24,Male,111,57,Mumbai,Regular,5,Electronics
682,63,Female,24,94,Hyderabad,Gold,19,Sports
683,30,Male,72,47,Hyderabad,Gold,19,Cosmetics
684,57,Male,35,35,Delhi,Platinum,15,Cosmetics
685,59,Female,42,19,Hyderabad,Platinum,16,Cosmetics
686,26,Male,48,8,Hyderabad,Gold,9,Clothing
687,67,Male,22,26,Hyderabad,Platinum,4,Cosmetics
688,44,Male,93,71,Mumbai,Silver,15,Cosmetics
689,19,Female,101,30,Delhi,Platinum,12,Electronics
690,22,Male,102,7,Hyderabad,Platinum,3,Groceries
691,46,Female,83,67,Hyderabad,Platinum,14,Cosmetics
692,54,Female,101,65,Mumbai,Platinum,17,Sports
693,55,Male,115,36,Delhi,Regular,19,Cosmetics
694,36,Male,22,25,Bangalore,Regular,6,Clothing
695,25,Male,91,37,Mumbai,Regular,4,Clothing
696,65,Female,101,1,Delhi,Gold,7,Clothing
697,62,Male,57,15,Hyderabad,Gold,19,Cosmetics
698,18,Male,143,37,Delhi,Silver,17,Electronics
699,39,Male,123,13,Delhi,Regular,16,Sports
700,69,Male,31,8,Delhi,Gold,15,Cosmetics
701,34,Male,147,5,Bangalore,Platinum,8,Electronics
702,24,Female,35,60,Delhi,Platinum,19,Electronics
703,42,Female,72,73,Bangalore,Regular,8,Cosmetics
704,62,Male,124,1,Hyderabad,Silver,18,Cosmetics
705,21,Male,149,36,Bangalore,Silver,16,Electronics
706,53,Male,42,35,Hyderabad,Platinum,19,Electronics
707,23,Male,65,66,Hyderabad,Silver,10,Electronics
708,48,Female,19,63,Bangalore,Regular,17,Cosmetics
709,36,Male,19,23,Mumbai,Platinum,13,Electronics
710,61,Female,108,9,Chennai,Gold,13,Clothing
711,56,Female,110,34,Delhi,Gold,7,Cosmetics
712,44,Male,22,46,Chennai,Silver,10,Clothing
713,27,Female,78,78,Delhi,Platinum,2,Groceries
714,43,Female,52,4,Delhi,Platinum,4,Cosmetics
715,36,Female,125,30,Hyderabad,Gold,6,Groceries
716,56,Female,126,95,Delhi,Platinum,18,Electronics
717,20,Male,95,75,Delhi,Platinum,6,Electronics
718,62,Male,118,99,Bangalore,Platinum,17,Sports
719,30,Female,87,72,Chennai,Silver,14,Electronics
720,67,Male,63,3,Bangalore,Platinum,11,Groceries
721,45,Male,50,14,Delhi,Regular,19,Electronics
722,37,Male,140,60,Hyderabad,Silver,2,Cosmetics
723,45,Male,82,77,Bangalore,Platinum,3,Electronics
724,25,Male,92,45,Bangalore,Platinum,11,Sports
725,58,Female,119,96,Mumbai,Regular,6,Electronics
726,56,Male,136,34,Delhi,Silver,14,Groceries
727,18,Male,133,45,Hyderabad,Gold,19,Groceries
728,20,Male,128,61,Bangalore,Gold,16,Electronics
729,30,Male,24,83,Bangalore,Silver,7,Groceries
730,45,Female,105,16,Hyderabad,Platinum,8,Groceries
731,66,Female,16,66,Delhi,Platinum,19,Sports
732,42,Female,132,40,Mumbai,Gold,16,Cosmetics
733,50,Female,27,17,Bangalore,Gold,7,Sports
734,55,Male,109,34,Mumbai,Gold,9,Clothing
735,23,Female,46,16,Chennai,Regular,13,Sports
736,61,Male,46,60,Delhi,Gold,1,Electronics
737,62,Male,138,66,Chennai,Regular,8,Cosmetics
738,49,Male,25,66,Chennai,Silver,4,Electronics
739,62,Male,24,90,Chennai,Platinum,3,Clothing
740,64,Male,29,13,Delhi,Gold,3,Cosmetics
741,38,Female,31,56,Delhi,Platinum,13,Groceries
742,33,Female,73,31,Hyderabad,Platinum,8,Sports
743,38,Female,92,34,Mumbai,Gold,7,Electronics
744,28,Female,138,39,Mumbai,Gold,1,Clothing
745,54,Male,128,67,Hyderabad,Silver,16,Groceries
746,53,Female,36,8,Hyderabad,Regular,6,Sports
747,52,Male,46,87,Chennai,Regular,7,Groceries
748,36,Female,127,78,Hyderabad,Platinum,12,Sports
749,37,Male,134,55,Bangalore,Gold,9,Cosmetics
750,35,Male,136,27,Mumbai,Silver,11,Groceries
751,64,Female,46,93,Hyderabad,Silver,10,Groceries
752,58,Male,133,53,Bangalore,Silver,1,Groceries
753,66,Male,53,39,Bangalore,Silver,18,Cosmetics
754,31,Female,26,65,Bangalore,Silver,4,Clothing
755,32,Male,32,17,Bangalore,Regular,5,Sports
756,48,Female,140,30,Chennai,Regular,9,Groceries
757,18,Female,60,53,Bangalore,Regular,17,Cosmetics
758,20,Female,118,13,Chennai,Gold,3,Clothing
759,33,Male,149,21,Chennai,Platinum,16,Sports
760,40,Male,100,19,Bangalore,Silver,5,Cosmetics
761,28,Male,103,53,Mumbai,Gold,16,Sports
762,29,Female,36,19,Bangalore,Silver,3,Groceries
763,27,Male,106,57,Bangalore,Regular,15,Clothing
764,49,Female,43,25,Bangalore,Gold,3,Cosmetics
765,33,Female,27,86,Mumbai,Regular,14,Clothing
766,25,Male,16,31,Delhi,Silver,16,Groceries
767,55,Female,43,81,Delhi,Silver,17,Clothing
768,29,Male,41,55,Chennai,Platinum,18,Clothing
769,41,Male,64,23,Chennai,Silver,18,Electronics
770,45,Male,109,32,Mumbai,Regular,14,Clothing
771,25,Male,102,62,Hyderabad,Silver,18,Sports
772,45,Male,58,74,Delhi,Platinum,15,Cosmetics
773,53,Female,36,10,Chennai,Platinum,15,Electronics
774,43,Female,111,100,Delhi,Regular,6,Cosmetics
775,25,Female,17,72,Mumbai,Gold,15,Cosmetics
776,67,Male,132,54,Mumbai,Silver,18,Groceries
777,45,Male,33,52,Hyderabad,Platinum,4,Groceries
778,45,Male,37,20,Hyderabad,Silver,8,Electronics
779,54,Female,44,32,Mumbai,Silver,15,Groceries
780,58,Male,53,14,Chennai,Gold,3,Groceries
781,53,Female,122,50,Delhi,Platinum,15,Groceries
782,44,Female,125,28,Bangalore,Silver,13,Cosmetics
783,34,Male,39,53,Hyderabad,Platinum,9,Electronics
784,26,Male,142,24,Bangalore,Regular,2,Cosmetics
785,50,Female,125,79,Chennai,Regular,8,Sports
786,37,Male,120,22,Hyderabad,Silver,17,Cosmetics
787,30,Female,86,30,Bangalore,Platinum,13,Sports
788,45,Male,143,63,Chennai,Silver,1,Clothing
789,65,Male,122,4,Delhi,Platinum,2,Clothing
790,46,Female,19,77,Chennai,Platinum,15,Sports
791,30,Male,17,59,Hyderabad,Gold,12,Sports
792,63,Female,146,87,Mumbai,Gold,14,Cosmetics
793,52,Male,118,8,Delhi,Gold,2,Sports
794,23,Female,78,82,Bangalore,Silver,18,Electronics
795,35,Female,120,12,Hyderabad,Gold,7,Clothing
796,68,Male,112,31,Mumbai,Gold,6,Clothing
797,22,Female,24,78,Chennai,Regular,14,Sports
798,64,Male,142,34,Mumbai,Platinum,8,Groceries
799,42,Male,60,82,Hyderabad,Platinum,2,Groceries
800,19,Male,80,98,Hyderabad,Gold,17,Sports
801,27,Female,126,75,Mumbai,Platinum,5,Electronics
802,47,Female,27,76,Chennai,Regular,14,Groceries
803,67,Male,100,49,Mumbai,Regular,3,Sports
804,62,Male,104,79,Hyderabad,Gold,5,Electronics
805,22,Female,72,57,Hyderabad,Regular,16,Electronics
806,50,Male,68,95,Bangalore,Platinum,18,Cosmetics
807,18,Male,26,93,Bangalore,Silver,17,Electronics
808,35,Female,28,26,Delhi,Platinum,11,Groceries
809,49,Male,135,18,Hyderabad,Silver,17,Groceries
810,64,Female,135,96,Bangalore,Gold,16,Sports
811,66,Male,34,86,Mumbai,Silver,2,Sports
812,28,Female,89,38,Chennai,Regular,4,Electronics
813,38,Male,84,81,Mumbai,Platinum,7,Clothing
814,43,Male,70,87,Chennai,Silver,2,Cosmetics
815,42,Female,115,88,Bangalore,Platinum,6,Clothing
816,39,Male,146,50,Delhi,Gold,17,Electronics
817,44,Female,125,8,Mumbai,Gold,7,Electronics
818,66,Male,139,41,Mumbai,Regular,5,Clothing
819,30,Female,146,6,Mumbai,Gold,5,Cosmetics
820,50,Female,34,69,Chennai,Silver,16,Clothing
821,51,Female,38,44,Bangalore,Gold,19,Sports
822,58,Female,51,64,Mumbai,Regular,9,Groceries
823,52,Male,68,29,Mumbai,Platinum,5,Sports
824,18,Male,117,28,Delhi,Platinum,8,Groceries
825,38,Female,52,11,Delhi,Gold,9,Electronics
826,65,Female,18,65,Bangalore,Silver,5,Cosmetics
827,23,Female,71,19,Bangalore,Regular,10,Clothing
828,45,Male,34,9,Hyderabad,Silver,2,Cosmetics
829,34,Male,31,27,Delhi,Regular,9,Clothing
830,22,Male,133,34,Hyderabad,Gold,11,Sports
831,48,Male,85,44,Chennai,Regular,4,Sports
832,22,Female,18,68,Hyderabad,Regular,2,Clothing
833,55,Female,28,100,Mumbai,Gold,6,Cosmetics
834,20,Female,17,82,Hyderabad,Silver,14,Clothing
835,40,Male,94,15,Bangalore,Gold,1,Electronics
836,54,Male,69,51,Chennai,Regular,18,Sports
837,54,Male,146,13,Mumbai,Gold,7,Electronics
838,27,Female,134,83,Hyderabad,Regular,1,Sports
839,27,Female,38,49,Chennai,Gold,1,Sports
840,36,Male,96,70,Chennai,Platinum,1,Groceries
841,34,Female,74,56,Mumbai,Platinum,4,Electronics
842,38,Male,63,76,Hyderabad,Gold,4,Electronics
843,31,Male,77,51,Chennai,Silver,18,Groceries
844,26,Female,124,37,Chennai,Regular,11,Cosmetics
845,63,Male,123,17,Delhi,Platinum,1,Electronics
846,18,Female,90,58,Chennai,Silver,10,Clothing
847,68,Male,44,87,Delhi,Regular,9,Groceries
848,62,Female,72,90,Hyderabad,Platinum,4,Electronics
849,30,Female,131,29,Hyderabad,Platinum,6,Cosmetics
850,21,Female,114,33,Hyderabad,Gold,16,Electronics
851,18,Male,33,60,Bangalore,Regular,2,Sports
852,66,Male,108,91,Hyderabad,Silver,18,Clothing
853,57,Female,127,89,Chennai,Silver,10,Groceries
854,49,Female,77,55,Mumbai,Silver,17,Sports
855,51,Male,130,10,Delhi,Regular,13,Cosmetics
856,45,Male,127,47,Bangalore,Silver,18,Sports
857,48,Male,61,23,Hyderabad,Silver,13,Sports
858,25,Female,71,85,Hyderabad,Silver,17,Cosmetics
859,56,Male,132,21,Mumbai,Gold,5,Sports
860,43,Male,59,13,Mumbai,Gold,11,Groceries
861,51,Female,18,33,Bangalore,Regular,7,Electronics
862,20,Male,61,24,Delhi,Regular,10,Sports
863,67,Male,61,11,Hyderabad,Silver,17,Groceries
864,29,Male,92,17,Bangalore,Gold,15,Electronics
865,18,Female,138,68,Chennai,Platinum,18,Electronics
866,61,Female,89,47,Chennai,Platinum,19,Sports
867,22,Female,117,25,Bangalore,Silver,2,Groceries
868,47,Female,104,94,Hyderabad,Silver,4,Sports
869,47,Female,83,73,Bangalore,Gold,3,Cosmetics
870,34,Female,75,21,Hyderabad,Gold,7,Electronics
871,65,Female,64,84,Mumbai,Gold,18,Sports
872,64,Male,17,83,Bangalore,Regular,10,Electronics
873,40,Male,121,83,Hyderabad,Regular,7,Groceries
874,32,Female,127,12,Bangalore,Silver,8,Clothing
875,54,Male,108,37,Bangalore,Regular,6,Sports
876,38,Male,132,42,Hyderabad,Gold,1,Sports
877,31,Female,95,17,Hyderabad,Gold,4,Electronics
878,19,Male,123,48,Delhi,Regular,14,Groceries
879,28,Male,65,28,Bangalore,Platinum,17,Cosmetics
880,68,Male,49,41,Chennai,Silver,18,Groceries
881,56,Male,60,99,Bangalore,Platinum,11,Sports
882,55,Male,83,47,Bangalore,Silver,14,Cosmetics
883,51,Female,107,18,Hyderabad,Platinum,9,Groceries
884,55,Female,78,78,Bangalore,Regular,15,Clothing
885,67,Female,63,99,Bangalore,Silver,12,Electronics
886,51,Male,88,71,Chennai,Silver,10,Groceries
887,35,Female,19,13,Hyderabad,Silver,19,Groceries
888,47,Male,114,82,Bangalore,Gold,19,Clothing
889,32,Male,84,13,Mumbai,Gold,6,Sports
890,44,Male,104,100,Delhi,Platinum,6,Electronics
891,68,Male,18,31,Chennai,Regular,8,Groceries
892,51,Female,140,2,Bangalore,Gold,1,Cosmetics
893,69,Female,53,16,Mumbai,Silver,17,Groceries
894,55,Male,143,9,Bangalore,Gold,17,Electronics
895,50,Female,38,73,Bangalore,Regular,15,Groceries
896,41,Male,71,38,Hyderabad,Gold,7,Clothing
897,32,Female,114,75,Hyderabad,Silver,19,Groceries
898,47,Female,84,54,Hyderabad,Platinum,3,Groceries
899,59,Male,55,56,Mumbai,Silver,11,Cosmetics
900,68,Female,74,86,Bangalore,Regular,19,Clothing
901,34,Male,122,97,Delhi,Platinum,9,Clothing
902,22,Female,71,100,Chennai,Gold,10,Groceries
903,46,Male,45,87,Hyderabad,Gold,2,Cosmetics
904,21,Male,98,45,Hyderabad,Gold,1,Groceries
905,27,Female,50,34,Bangalore,Platinum,16,Groceries
906,34,Female,122,9,Bangalore,Silver,18,Electronics
907,27,Male,120,88,Mumbai,Platinum,17,Electronics
908,34,Female,100,8,Mumbai,Platinum,6,Cosmetics
909,37,Female,149,7,Hyderabad,Regular,14,Sports
910,41,Male,28,36,Bangalore,Platinum,15,Electronics
911,22,Male,134,18,Delhi,Gold,14,Sports
912,51,Female,94,3,Chennai,Silver,3,Clothing
913,23,Male,120,28,Bangalore,Silver,19,Electronics
914,19,Male,84,70,Bangalore,Silver,12,Electronics
915,30,Male,58,44,Mumbai,Gold,2,Cosmetics
916,60,Female,87,21,Chennai,Gold,3,Sports
917,60,Female,59,28,Hyderabad,Gold,18,Electronics
918,65,Male,121,54,Bangalore,Gold,1,Electronics
919,28,Female,98,54,Hyderabad,Gold,6,Cosmetics
920,68,Male,96,65,Bangalore,Platinum,5,Cosmetics
921,64,Female,121,100,Hyderabad,Gold,1,Sports
922,40,Male,35,21,Chennai,Gold,19,Clothing
923,33,Male,21,99,Mumbai,Gold,1,Clothing
924,48,Female,84,13,Chennai,Gold,16,Groceries
925,28,Male,141,57,Delhi,Silver,12,Electronics
926,33,Female,134,49,Mumbai,Gold,8,Sports
927,25,Female,142,54,Chennai,Platinum,16,Electronics
928,21,Male,71,10,Delhi,Platinum,1,Sports
929,57,Male,72,53,Bangalore,Platinum,4,Sports
930,21,Female,35,44,Bangalore,Regular,10,Sports
931,42,Male,96,47,Hyderabad,Silver,11,Electronics
932,20,Male,83,53,Mumbai,Gold,17,Cosmetics
933,49,Male,145,74,Bangalore,Regular,7,Electronics
934,20,Male,101,46,Mumbai,Gold,12,Sports
935,44,Male,63,13,Bangalore,Regular,7,Groceries
936,46,Female,129,37,Hyderabad,Regular,12,Clothing
937,49,Female,103,24,Chennai,Platinum,15,Sports
938,67,Male,99,2,Hyderabad,Platinum,2,Groceries
939,68,Male,142,86,Delhi,Regular,14,Cosmetics
940,36,Male,131,81,Bangalore,Platinum,13,Sports
941,38,Female,141,100,Delhi,Regular,4,Groceries
942,22,Male,85,14,Delhi,Silver,14,Sports
943,35,Female,100,10,Mumbai,Platinum,14,Electronics
944,45,Female,47,35,Bangalore,Platinum,16,Groceries
945,59,Female,95,25,Delhi,Platinum,7,Electronics
946,39,Male,75,3,Chennai,Silver,19,Electronics
947,38,Female,75,17,Delhi,Regular,2,Groceries
948,23,Male,112,12,Chennai,Gold,10,Clothing
949,18,Female,42,54,Mumbai,Platinum,18,Groceries
950,22,Male,57,24,Delhi,Regular,17,Clothing
951,58,Female,100,29,Hyderabad,Silver,5,Sports
952,29,Male,31,43,Mumbai,Gold,12,Sports
953,43,Female,112,25,Chennai,Platinum,6,Groceries
954,63,Male,112,100,Mumbai,Silver,9,Sports
955,51,Male,79,60,Delhi,Silver,1,Cosmetics
956,66,Male,88,90,Bangalore,Gold,15,Electronics
957,31,Male,99,65,Bangalore,Regular,6,Electronics
958,43,Female,19,84,Chennai,Platinum,19,Clothing
959,62,Female,16,28,Chennai,Platinum,18,Sports
960,44,Male,36,16,Bangalore,Regular,6,Clothing
961,26,Female,126,47,Chennai,Regular,13,Electronics
962,43,Male,71,81,Mumbai,Regular,1,Electronics
963,64,Male,80,92,Hyderabad,Gold,13,Sports
964,39,Female,88,58,Hyderabad,Gold,7,Cosmetics
965,64,Male,112,76,Mumbai,Platinum,15,Cosmetics
966,47,Male,126,27,Hyderabad,Gold,12,Sports
967,60,Female,139,53,Delhi,Silver,1,Sports
968,65,Male,100,42,Mumbai,Platinum,15,Clothing
969,34,Male,90,59,Chennai,Gold,4,Sports
970,43,Male,102,47,Mumbai,Regular,13,Cosmetics
971,53,Male,52,94,Bangalore,Silver,5,Sports
972,18,Female,73,34,Chennai,Regular,2,Clothing
973,25,Female,113,37,Bangalore,Platinum,1,Clothing
974,66,Female,77,6,Chennai,Regular,16,Clothing
975,52,Male,63,7,Hyderabad,Gold,6,Clothing
976,69,Male,46,96,Mumbai,Gold,16,Groceries
977,32,Female,149,96,Delhi,Platinum,14,Sports
978,64,Male,35,25,Chennai,Regular,3,Electronics
979,39,Male,34,33,Chennai,Platinum,15,Sports
980,31,Male,141,55,Bangalore,Regular,3,Groceries
981,43,Male,82,58,Hyderabad,Silver,2,Clothing
982,45,Female,124,7,Bangalore,Gold,1,Groceries
983,40,Female,130,57,Bangalore,Platinum,9,Cosmetics
984,31,Female,134,12,Hyderabad,Silver,9,Cosmetics
985,41,Male,93,16,Delhi,Silver,7,Sports
986,19,Female,130,80,Bangalore,Platinum,3,Sports
987,62,Female,106,43,Bangalore,Platinum,18,Electronics
988,43,Male,28,100,Chennai,Silver,11,Electronics
989,31,Male,139,77,Hyderabad,Regular,7,Cosmetics
990,68,Female,72,7,Mumbai,Silver,9,Clothing
991,24,Female,42,100,Delhi,Platinum,1,Groceries
992,20,Female,40,51,Delhi,Silver,14,Electronics
993,64,Female,127,73,Hyderabad,Regular,6,Electronics
994,40,Male,80,32,Chennai,Gold,7,Clothing
995,63,Female,145,75,Chennai,Gold,10,Clothing
996,60,Female,58,8,Hyderabad,Silver,7,Sports
997,64,Male,111,97,Chennai,Regular,2,Groceries
998,62,Female,56,87,Delhi,Gold,4,Clothing
999,35,Male,20,89,Delhi,Silver,17,Electronics
1000,55,Male,37,72,Mumbai,Silver,1,Electronics
